,Player,Team,Age,GP,W,L,Min,PTS,FGM,FGA,FG%,3PM,3PA,3P%,FTM,FTA,FT%,OREB,DREB,REB,AST,TOV,STL,BLK,PF,FP,DD2,TD3,+/-
0,Kevin Durant,BKN,34,30,18,12,1101.3,911,326,577,56.5,51,141,36.2,208,225,92.4,10,188,198,158,107,22,49,71,1492,2,1,67
1,Luka Doncic,DAL,23,27,15,12,988.9,890,305,611,49.9,78,225,34.7,202,277,72.9,22,203,225,234,98,43,17,78,1593,14,6,93
2,Jayson Tatum,BOS,24,29,21,8,1073.9,876,288,613,47.0,96,268,35.8,204,237,86.1,34,204,238,118,80,32,27,63,1436,13,0,216
3,Shai Gilgeous-Alexander,OKC,24,27,10,17,962.6,842,281,557,50.4,28,83,33.7,252,271,93.0,23,104,127,157,92,46,26,70,1354,1,0,10
4,Donovan Mitchell,CLE,26,27,18,9,996.8,796,281,559,50.3,106,250,42.4,128,144,88.9,25,79,104,123,82,37,10,69,1164,2,0,129
5,Devin Booker,PHX,26,28,18,10,996.1,784,282,590,47.8,67,180,37.2,153,180,85.0,23,111,134,160,70,26,11,77,1226,3,0,130
6,Stephen Curry,GSW,34,26,14,12,894.0,779,262,524,50.0,131,302,43.4,124,135,91.9,16,155,171,177,81,27,9,54,1277,7,1,145
7,Jaylen Brown,BOS,26,29,20,9,1038.9,767,286,577,49.6,70,207,33.8,125,154,81.2,31,185,216,102,92,34,14,80,1231,6,0,114
8,DeMar DeRozan,CHI,33,29,11,18,1024.1,750,262,520,50.4,13,42,31.0,213,239,89.1,13,130,143,136,60,24,12,77,1174,1,0,-14
9,Giannis Antetokounmpo,MIL,28,24,17,7,785.9,734,266,505,52.7,20,77,26.0,182,290,62.8,49,218,267,128,88,21,23,86,1290,16,1,91
10,Trae Young,ATL,24,27,13,14,963.4,728,234,572,40.9,55,191,28.8,205,229,89.5,19,55,74,266,103,20,4,40,1185,14,0,-7
11,Anthony Edwards,MIN,21,30,15,15,1093.4,687,246,539,45.6,77,212,36.3,118,158,74.7,21,155,176,129,96,56,11,85,1197,3,0,11
12,Anthony Davis,LAL,29,25,11,14,835.7,685,255,430,59.3,9,31,29.0,166,201,82.6,78,224,302,66,47,33,53,68,1357,18,0,48
13,Julius Randle,NYK,28,30,17,13,1013.5,676,224,492,45.5,71,213,33.3,157,198,79.3,60,214,274,107,81,22,6,93,1168,13,0,24
14,Joel Embiid,PHI,28,20,11,9,711.2,666,221,413,53.5,22,65,33.8,202,238,84.9,36,161,197,93,84,24,32,62,1126,12,0,123
15,Bojan Bogdanovic,DET,33,31,8,23,964.1,659,217,437,49.7,80,189,42.3,145,161,90.1,17,92,109,76,72,17,1,53,886,0,0,-171
16,Nikola Jokic,DEN,27,26,17,9,855.2,655,244,393,62.1,21,66,31.8,146,182,80.2,56,228,284,235,95,39,18,73,1424,20,5,205
17,Anfernee Simons,POR,23,28,16,12,1008.7,654,231,515,44.9,111,287,38.7,81,90,90.0,8,75,83,121,62,23,6,66,960,0,0,1
18,Kristaps Porzingis,WAS,27,29,10,19,950.4,649,218,459,47.5,53,160,33.1,160,200,80.0,59,198,257,77,63,29,43,88,1226,10,0,-5
19,Lauri Markkanen,UTA,25,29,16,13,982.6,646,230,435,52.9,79,188,42.0,107,127,84.3,60,182,242,64,60,16,19,63,1077,11,0,99
20,Ja Morant,MEM,23,24,17,7,768.9,641,224,494,45.3,41,121,33.9,152,207,73.4,32,128,160,184,86,27,6,45,1122,9,3,163
21,Kyle Kuzma,WAS,27,30,11,19,1058.5,639,245,530,46.2,76,225,33.8,73,106,68.9,31,200,231,104,83,14,14,81,1073,7,0,-26
22,Jalen Green,HOU,20,29,9,20,999.0,625,213,516,41.3,64,207,30.9,135,170,79.4,18,104,122,109,89,23,8,47,939,0,0,-177
23,Jalen Brunson,NYK,26,30,17,13,961.6,624,222,473,46.9,47,126,37.3,133,149,89.3,13,83,96,186,62,35,5,74,1076,3,0,18
24,Kelly Oubre Jr.,CHA,27,30,7,23,996.3,622,232,545,42.6,73,229,31.9,85,119,71.4,46,111,157,37,34,51,11,89,1018,2,0,-195
25,Jordan Clarkson,UTA,30,31,17,14,1007.4,618,226,517,43.7,83,241,34.4,83,101,82.2,35,83,118,144,89,13,10,60,956,1,0,101
26,Jerami Grant,POR,28,28,15,13,1000.2,612,200,424,47.2,75,168,44.6,137,172,79.7,24,88,112,74,52,21,23,64,937,0,0,26
27,Zion Williamson,NOP,22,24,15,9,792.8,611,235,385,61.0,6,18,33.3,135,187,72.2,50,121,171,111,73,28,15,54,1039,5,0,156
28,Franz Wagner,ORL,21,31,11,20,1037.5,609,221,460,48.0,44,134,32.8,123,141,87.2,25,103,128,110,75,22,8,77,943,0,0,-64
29,LeBron James,LAL,37,22,10,12,797.7,593,234,482,48.5,49,157,31.2,76,107,71.0,31,157,188,142,68,27,13,42,1084,7,0,12
30,Jordan Poole,GSW,23,31,15,16,894.0,590,202,463,43.6,78,236,33.1,108,125,86.4,10,57,67,142,97,24,9,72,885,0,0,-56
31,RJ Barrett,NYK,22,30,17,13,1031.3,582,202,485,41.6,49,163,30.1,129,168,76.8,27,139,166,85,73,17,6,70,905,1,0,24
32,Bam Adebayo,MIA,25,28,15,13,979.5,579,228,432,52.8,1,10,10.0,122,145,84.1,66,208,274,92,87,28,19,91,1100,14,0,81
33,Kyrie Irving,BKN,30,22,13,9,806.0,575,213,435,49.0,61,181,33.7,88,96,91.7,18,87,105,99,52,18,22,60,918,1,0,35
34,Keldon Johnson,SAS,23,27,9,18,880.9,569,202,491,41.1,72,207,34.8,93,126,73.8,26,114,140,78,63,21,3,50,863,2,0,-169
35,Tyrese Haliburton,IND,22,29,14,15,969.8,566,204,434,47.0,80,208,38.5,78,89,87.6,20,96,116,310,79,50,12,34,1277,18,0,-4
36,De'Aaron Fox,SAC,24,25,15,10,807.7,565,208,422,49.3,46,131,35.1,103,129,79.8,10,114,124,144,65,26,11,65,976,4,0,75
37,Bennedict Mathurin,IND,20,31,15,16,898.1,554,175,422,41.5,58,164,35.4,146,180,81.1,37,91,128,47,56,19,3,60,788,0,0,36
38,Buddy Hield,IND,30,31,15,16,989.5,549,197,441,44.7,113,287,39.4,42,49,85.7,30,114,144,82,69,30,10,65,896,2,0,-7
39,Zach LaVine,CHI,27,25,10,15,853.8,544,197,445,44.3,70,192,36.5,80,97,82.5,15,94,109,103,65,29,1,61,854,0,0,-91
40,Paolo Banchero,ORL,20,24,8,16,836.2,528,171,382,44.8,30,95,31.6,156,205,76.1,31,131,162,93,71,22,14,57,899,5,0,-90
41,Darius Garland,CLE,22,25,14,11,905.4,520,177,417,42.4,61,161,37.9,105,119,88.2,10,59,69,201,79,36,5,50,948,8,0,96
42,Kevin Porter Jr.,HOU,22,28,9,19,963.8,520,179,430,41.6,50,160,31.3,112,145,77.2,41,116,157,158,112,40,12,82,989,5,0,-131
43,Dejounte Murray,ATL,26,25,13,12,889.7,519,205,454,45.2,53,145,36.6,56,67,83.6,19,117,136,156,64,44,11,42,1017,3,1,17
44,Paul George,LAC,32,22,14,8,751.2,516,178,397,44.8,63,166,38.0,97,111,87.4,16,122,138,108,76,31,10,58,891,2,1,105
45,Damian Lillard,POR,32,18,12,6,620.1,510,152,337,45.1,80,201,39.8,126,141,89.4,11,58,69,127,64,15,4,31,776,5,0,105
46,Domantas Sabonis,SAC,26,28,16,12,928.6,495,181,289,62.6,11,30,36.7,122,166,73.5,71,256,327,180,70,23,15,102,1201,20,1,109
47,O.G. Anunoby,TOR,25,26,13,13,953.5,493,184,387,47.5,40,121,33.1,85,102,83.3,36,116,152,55,65,62,22,77,945,2,0,48
48,Tyler Herro,MIA,22,23,13,10,801.7,487,172,376,45.7,77,187,41.2,66,73,90.4,13,131,144,97,61,20,11,40,837,5,1,31
49,Mikal Bridges,PHX,26,30,18,12,1098.0,486,183,387,47.3,57,141,40.4,63,70,90.0,35,115,150,91,32,37,25,64,957,1,0,125
50,Pascal Siakam,TOR,28,20,8,12,711.1,486,173,364,47.5,27,78,34.6,113,147,76.9,36,129,165,136,46,19,9,65,926,9,2,58
51,D'Angelo Russell,MIN,26,28,14,14,894.1,477,176,374,47.1,68,182,37.4,57,72,79.2,15,71,86,179,79,35,15,59,920,4,0,-41
52,Spencer Dinwiddie,DAL,29,29,15,14,910.1,477,168,363,46.3,76,184,41.3,65,79,82.3,13,83,96,153,49,28,8,64,881,1,0,-46
53,Dillon Brooks,MEM,26,26,17,9,807.1,475,176,432,40.7,64,181,35.4,59,76,77.6,21,75,96,76,46,21,4,82,733,0,0,174
54,Christian Wood,DAL,27,27,14,13,727.9,472,175,320,54.7,44,110,40.0,78,113,69.0,31,186,217,37,61,12,17,73,814,5,0,43
55,Nikola Vucevic,CHI,32,29,11,18,937.3,472,187,370,50.5,47,128,36.7,51,60,85.0,59,244,303,87,55,18,23,57,1034,13,0,-51
56,Evan Mobley,CLE,21,31,20,11,1067.7,469,189,338,55.9,9,33,27.3,82,117,70.1,85,204,289,83,62,23,41,89,1070,11,0,81
57,Malik Beasley,UTA,26,32,17,15,878.7,461,166,393,42.2,109,274,39.8,20,24,83.3,17,103,120,50,33,29,5,41,749,1,0,-14
58,Klay Thompson,GSW,32,25,13,12,775.5,459,165,414,39.9,94,246,38.2,35,40,87.5,13,76,89,60,41,19,12,48,708,0,0,97
59,Terry Rozier,CHA,28,22,5,17,792.0,459,175,442,39.6,55,175,31.4,54,65,83.1,25,74,99,121,55,15,4,46,761,1,0,-88
60,Fred VanVleet,TOR,28,24,10,14,884.3,458,146,378,38.6,67,202,33.2,99,114,86.8,11,80,91,152,45,41,12,67,909,1,0,2
61,Devin Vassell,SAS,22,23,6,17,729.8,455,165,368,44.8,65,162,40.1,60,74,81.1,6,85,91,79,34,24,9,35,748,0,0,-182
62,CJ McCollum,NOP,31,25,15,10,872.6,452,180,437,41.2,54,161,33.5,38,47,80.9,23,98,121,141,55,26,15,47,877,3,0,94
63,Aaron Gordon,DEN,27,26,17,9,768.5,442,170,278,61.2,28,72,38.9,74,113,65.5,58,109,167,54,41,23,20,51,811,4,0,133
64,Deandre Ayton,PHX,24,26,14,12,750.3,442,193,312,61.9,4,14,28.6,52,72,72.2,78,169,247,56,51,13,21,76,873,13,0,5
65,Bradley Beal,WAS,29,19,7,12,662.5,441,165,316,52.2,31,91,34.1,80,92,87.0,16,53,69,100,54,21,11,37,716,0,0,-24
66,Jamal Murray,DEN,25,25,15,10,769.3,437,165,378,43.7,45,133,33.8,62,81,76.5,14,78,92,135,51,21,5,33,777,1,0,126
67,Jimmy Butler,MIA,33,20,11,9,703.1,437,148,280,52.9,15,41,36.6,126,154,81.8,42,94,136,118,38,37,8,32,874,4,0,21
68,Karl-Anthony Towns,MIN,27,21,10,11,709.1,436,153,303,50.5,38,117,32.5,92,104,88.5,35,137,172,111,65,16,14,82,834,8,0,-17
69,P.J. Washington,CHA,24,29,7,22,923.9,430,162,396,40.9,52,163,31.9,54,69,78.3,30,108,138,67,47,23,29,74,805,1,0,-221
70,Tobias Harris,PHI,30,25,14,11,859.6,424,164,339,48.4,55,136,40.4,41,48,85.4,23,136,159,74,35,33,13,56,829,3,0,69
71,Gary Trent Jr.,TOR,23,25,11,14,782.9,423,148,344,43.0,57,170,33.5,70,90,77.8,13,37,50,36,28,39,3,38,635,0,0,-40
72,Jrue Holiday,MIL,32,22,17,5,718.4,423,161,352,45.7,50,137,36.5,51,57,89.5,28,87,115,163,71,33,9,41,861,6,0,192
73,Myles Turner,IND,26,25,12,13,741.0,423,148,273,54.2,42,101,41.6,85,111,76.6,37,159,196,35,41,15,54,87,877,9,0,5
74,Andrew Wiggins,GSW,27,22,13,9,721.9,420,163,319,51.1,67,149,45.0,27,43,62.8,34,79,113,48,30,30,17,64,739,2,0,122
75,Bobby Portis,MIL,27,29,21,8,767.7,419,177,351,50.4,34,107,31.8,31,40,77.5,72,227,299,58,35,8,9,55,881,17,0,44
76,Jaden Ivey,DET,20,28,8,20,844.1,419,148,361,41.0,38,128,29.7,85,118,72.0,30,91,121,110,73,29,8,81,767,3,0,-168
77,Kelly Olynyk,UTA,31,32,17,15,914.8,414,139,264,52.7,49,114,43.0,87,103,84.5,40,119,159,103,73,37,19,128,854,1,0,7
78,Malik Monk,SAC,24,28,16,12,644.3,412,145,315,46.0,56,162,34.6,66,72,91.7,12,53,65,109,55,18,4,45,665,0,0,-25
79,Kevin Huerter,SAC,24,27,15,12,858.6,411,146,310,47.1,78,189,41.3,41,60,68.3,13,72,85,87,42,30,9,66,719,0,0,126
80,Russell Westbrook,LAL,34,28,13,15,787.5,405,148,370,40.0,29,107,27.1,80,118,67.8,33,140,173,214,100,30,15,67,969,10,2,-51
81,Luguentz Dort,OKC,23,29,12,17,878.1,404,140,348,40.2,51,156,32.7,73,97,75.3,46,84,130,72,44,30,10,94,744,1,0,-30
82,Scottie Barnes,TOR,21,27,11,16,910.9,404,161,356,45.2,31,95,32.6,51,68,75.0,48,135,183,127,65,23,20,47,878,7,1,3
83,Lonnie Walker IV,LAL,24,26,12,14,784.6,400,149,314,47.5,52,134,38.8,50,58,86.2,8,52,60,38,26,19,9,44,587,0,0,-84
84,Saddiq Bey,DET,23,28,6,22,806.0,398,128,315,40.6,44,148,29.7,98,115,85.2,26,87,113,44,29,24,4,48,655,1,0,-72
85,Brook Lopez,MIL,34,28,20,8,853.2,393,144,300,48.0,58,148,39.2,47,57,82.5,48,117,165,32,33,13,78,62,879,2,0,117
86,Kyle Lowry,MIA,36,28,13,15,1009.8,393,119,297,40.1,67,190,35.3,88,103,85.4,21,111,132,166,68,32,15,80,873,2,1,-20
87,Jusuf Nurkic,POR,28,27,15,12,785.3,392,148,276,53.6,19,45,42.2,77,112,68.8,70,198,268,76,64,19,24,95,893,9,0,22
88,Marcus Morris Sr.,LAC,33,29,18,11,874.7,392,149,335,44.5,58,156,37.2,36,46,78.3,14,136,150,51,27,21,9,66,712,2,0,-3
89,Max Strus,MIA,26,29,14,15,913.8,389,140,342,40.9,79,236,33.5,30,36,83.3,16,83,99,51,29,23,8,65,648,0,0,-67
90,Harrison Barnes,SAC,30,28,16,12,881.5,388,118,243,48.6,32,104,30.8,120,144,83.3,27,124,151,53,38,23,4,41,692,0,0,72
91,Collin Sexton,UTA,23,27,15,12,660.7,387,132,268,49.3,25,69,36.2,98,118,83.1,22,42,64,80,49,16,2,61,589,1,0,-9
92,Bol Bol,ORL,23,31,11,20,818.6,384,157,264,59.5,23,57,40.4,47,61,77.0,45,185,230,34,63,15,52,41,849,6,0,-83
93,De'Andre Hunter,ATL,25,25,14,11,759.5,384,136,304,44.7,36,100,36.0,76,92,82.6,15,81,96,29,35,8,4,71,544,1,0,26
94,Josh Giddey,OKC,20,26,8,18,802.3,382,164,360,45.6,26,82,31.7,28,38,73.7,43,168,211,142,84,16,12,52,848,12,1,-142
95,Tim Hardaway Jr.,DAL,30,29,15,14,760.4,379,123,327,37.6,79,220,35.9,54,69,78.3,8,71,79,49,29,28,4,40,614,0,0,86
96,Jonas Valanciunas,NOP,30,29,18,11,674.5,375,145,274,52.9,15,43,34.9,70,85,82.4,75,186,261,50,57,9,10,79,763,11,0,21
97,Alperen Sengun,HOU,20,26,7,19,691.0,368,146,274,53.3,4,22,18.2,72,90,80.0,93,135,228,55,58,17,26,86,795,8,0,-106
98,Rudy Gobert,MIN,30,26,12,14,807.8,366,137,210,65.2,0,3,0.0,92,131,70.2,95,221,316,23,42,22,32,82,900,11,0,-31
99,Malcolm Brogdon,BOS,30,26,17,9,620.3,360,126,259,48.6,49,106,46.2,59,68,86.8,21,85,106,96,48,14,8,41,649,0,0,54
100,Reggie Jackson,LAC,32,29,16,13,849.5,359,133,325,40.9,47,132,35.6,46,51,90.2,13,63,76,117,67,20,3,58,628,1,0,-21
101,Tre Jones,SAS,22,28,9,19,851.2,348,129,306,42.2,20,68,29.4,70,78,89.7,21,75,96,187,55,40,5,50,824,2,0,-149
102,Jaylen Nowell,MIN,23,30,15,15,583.6,345,136,310,43.9,36,117,30.8,37,47,78.7,23,64,87,65,29,19,3,43,584,0,0,-12
103,Tyrese Maxey,PHI,22,15,8,7,545.8,343,126,273,46.2,43,102,42.2,48,65,73.8,6,46,52,66,30,15,4,35,531,0,0,43
104,Jabari Smith Jr.,HOU,19,28,9,19,849.2,336,113,297,38.0,57,163,35.0,53,64,82.8,34,165,199,20,35,12,26,90,684,5,0,-186
105,Cameron Payne,PHX,28,26,15,11,644.7,330,123,296,41.6,48,124,38.7,36,47,76.6,9,53,62,139,51,25,5,55,652,3,0,20
106,Marcus Smart,BOS,28,28,19,9,928.7,329,118,274,43.1,52,153,34.0,41,53,77.4,16,75,91,203,67,35,11,86,814,4,0,109
107,Trey Murphy III,NOP,22,27,16,11,770.8,329,111,244,45.5,62,157,39.5,45,49,91.8,28,87,115,39,24,30,15,56,637,1,0,37
108,Jarrett Allen,CLE,24,24,17,7,801.2,328,132,216,61.1,0,3,0.0,64,89,71.9,72,174,246,34,37,16,30,57,775,11,0,133
109,Nic Claxton,BKN,23,28,16,12,779.1,326,145,196,74.0,0,1,0.0,36,81,44.4,72,170,242,34,36,20,66,82,889,9,0,25
110,Norman Powell,LAC,29,22,13,9,555.8,326,113,246,45.9,36,95,37.9,64,82,78.0,9,55,64,33,39,18,7,40,488,0,0,-85
111,Caris LeVert,CLE,28,27,17,10,838.4,325,116,297,39.1,40,116,34.5,53,70,75.7,22,94,116,113,47,18,2,63,647,1,0,121
112,Bruce Brown,DEN,26,29,18,11,874.8,324,129,262,49.2,38,92,41.3,28,35,80.0,28,98,126,124,50,28,18,73,749,3,1,-44
113,Jalen McDaniels,CHA,24,30,7,23,794.0,323,119,260,45.8,37,104,35.6,48,54,88.9,26,113,139,69,40,31,16,93,694,1,0,-114
114,Caleb Martin,MIA,27,29,15,14,953.9,322,123,263,46.8,44,111,39.6,32,40,80.0,46,90,136,55,36,33,10,58,661,0,0,40
115,Kentavious Caldwell-Pope,DEN,29,28,17,11,871.4,315,113,240,47.1,58,127,45.7,31,39,79.5,14,71,85,61,32,31,11,56,603,0,0,157
116,Tyus Jones,MEM,26,29,19,10,695.5,315,122,271,45.0,47,121,38.8,24,33,72.7,12,52,64,135,32,23,2,13,637,3,0,-15
117,Clint Capela,ATL,28,26,14,12,718.0,314,143,226,63.3,0,0,0.0,28,48,58.3,114,198,312,20,23,16,34,61,845,16,0,0
118,Jalen Smith,IND,22,30,15,15,643.1,314,115,263,43.7,32,117,27.4,52,68,76.5,50,139,189,34,38,11,30,64,677,4,0,-34
119,James Harden,PHI,33,14,8,6,527.0,314,97,221,43.9,38,102,37.3,82,94,87.2,9,83,92,149,52,19,8,31,677,8,0,79
120,Austin Reaves,LAL,24,29,13,16,855.2,313,101,194,52.1,36,92,39.1,75,82,91.5,20,70,90,61,33,16,12,49,564,0,0,65
121,Brandon Ingram,NOP,25,15,9,6,481.0,312,109,231,47.2,28,60,46.7,66,76,86.8,7,69,76,70,42,13,10,33,535,1,0,111
122,Keegan Murray,SAC,22,26,15,11,748.4,309,112,261,42.9,57,154,37.0,28,33,84.8,22,81,103,20,34,19,17,56,537,0,0,51
123,Kenyon Martin Jr.,HOU,21,29,9,20,701.2,307,120,220,54.5,24,78,30.8,43,65,66.2,43,103,146,41,32,11,11,48,578,2,0,-36
124,Derrick White,BOS,28,31,22,9,792.7,306,101,230,43.9,50,127,39.4,54,62,87.1,17,71,88,95,28,26,23,73,673,1,0,155
125,John Wall,LAC,32,25,12,13,564.2,305,107,264,40.5,23,85,27.1,68,101,67.3,10,57,67,139,58,21,8,37,623,1,0,-52
126,De'Anthony Melton,PHI,24,25,14,11,744.3,302,113,263,43.0,59,150,39.3,17,25,68.0,28,87,115,85,44,55,11,53,722,0,0,-5
127,Ivica Zubac,LAC,25,30,17,13,886.1,302,119,193,61.7,0,1,0.0,64,96,66.7,98,226,324,33,64,12,47,93,853,11,0,-102
128,Isaiah Stewart,DET,21,25,6,19,701.5,299,99,210,47.1,40,104,38.5,61,81,75.3,57,156,213,29,31,9,19,70,651,9,0,-60
129,Desmond Bane,MEM,24,12,9,3,402.5,296,99,213,46.5,46,102,45.1,52,57,91.2,6,53,59,57,27,7,3,29,455,0,0,76
130,Eric Gordon,HOU,33,25,8,17,738.5,296,101,236,42.8,48,136,35.3,46,54,85.2,7,42,49,60,47,16,10,19,476,0,0,-74
131,Jaden McDaniels,MIN,22,27,14,13,811.9,293,116,220,52.7,31,84,36.9,30,40,75.0,32,60,92,40,42,31,33,95,613,0,0,17
132,Bones Hyland,DEN,22,21,12,9,443.9,290,97,242,40.1,54,131,41.2,42,51,82.4,6,39,45,69,36,14,8,34,478,0,0,-114
133,Immanuel Quickley,NYK,23,30,17,13,709.8,289,100,260,38.5,35,118,29.7,54,64,84.4,17,104,121,89,39,31,3,57,631,1,0,77
134,Brandon Clarke,MEM,26,29,19,10,568.1,288,120,184,65.2,1,6,16.7,47,67,70.1,33,117,150,35,34,10,24,69,589,3,0,3
135,Mason Plumlee,CHA,32,30,7,23,826.1,288,109,184,59.2,0,0,0.0,70,121,57.9,103,182,285,120,54,19,17,101,864,11,0,-160
136,Chris Boucher,TOR,29,26,12,14,591.6,284,98,219,44.7,21,76,27.6,67,89,75.3,60,101,161,13,16,19,21,66,601,5,0,18
137,Grayson Allen,MIL,27,26,19,7,708.2,283,91,196,46.4,48,116,41.4,53,57,93.0,22,71,93,68,30,19,5,37,539,0,0,142
138,Santi Aldama,MEM,21,28,18,10,686.2,282,99,211,46.9,37,103,35.9,47,61,77.0,39,119,158,38,17,23,25,69,656,2,0,96
139,Grant Williams,BOS,24,30,22,8,859.1,281,98,184,53.3,49,112,43.8,36,44,81.8,28,110,138,50,27,24,10,79,597,1,0,80
140,Killian Hayes,DET,21,32,8,24,797.3,281,112,298,37.6,34,106,32.1,23,29,79.3,15,75,90,169,54,34,13,101,730,1,0,-189
141,Jalen Williams,OKC,21,26,10,16,696.8,279,113,219,51.6,18,65,27.7,35,48,72.9,14,68,82,71,42,16,10,67,520,1,0,-144
142,Patrick Williams,CHI,21,29,11,18,783.8,279,104,223,46.6,40,90,44.4,31,33,93.9,30,80,110,35,41,17,28,59,558,0,0,-134
143,Shake Milton,PHI,26,24,16,8,594.4,277,107,207,51.7,21,55,38.2,42,50,84.0,16,64,80,84,42,10,5,45,502,1,0,41
144,Cedi Osman,CLE,27,30,19,11,685.4,271,100,225,44.4,39,120,32.5,32,44,72.7,9,77,86,47,26,13,4,56,470,1,0,156
145,John Collins,ATL,25,22,12,10,692.6,271,103,213,48.4,16,73,21.9,49,58,84.5,26,138,164,28,30,20,31,71,633,6,0,37
146,AJ Griffin,ATL,19,26,11,15,555.4,270,107,233,45.9,44,124,35.5,12,14,85.7,20,34,54,25,22,26,3,32,437,0,0,-35
147,Nick Richards,CHA,25,30,7,23,574.9,270,101,167,60.5,0,0,0.0,68,92,73.9,90,104,194,19,26,4,26,70,595,7,0,-69
148,Terance Mann,LAC,26,31,18,13,692.0,269,106,202,52.5,23,67,34.3,34,47,72.3,38,87,125,61,34,18,11,59,564,1,0,-22
149,Jose Alvarado,NOP,24,28,18,10,574.8,267,97,213,45.5,43,112,38.4,30,39,76.9,10,50,60,86,40,36,4,62,548,0,0,148
150,Ayo Dosunmu,CHI,22,27,11,16,722.7,265,108,214,50.5,26,79,32.9,23,27,85.2,15,71,86,76,39,17,9,64,521,0,0,-125
151,Josh Hart,POR,27,28,16,12,964.8,265,100,202,49.5,20,54,37.0,45,62,72.6,59,175,234,107,45,38,3,74,784,3,0,94
152,Jakob Poeltl,SAS,27,21,6,15,565.6,264,117,184,63.6,0,0,0.0,30,60,50.0,79,125,204,69,49,20,20,47,683,6,0,-148
153,Michael Porter Jr.,DEN,24,16,9,7,464.9,263,96,206,46.6,47,110,42.7,24,30,80.0,19,77,96,20,18,10,6,42,438,1,0,66
154,Alec Burks,DET,31,19,5,14,401.3,262,81,181,44.8,35,87,40.2,65,83,78.3,5,52,57,34,21,16,2,48,414,0,0,25
155,Royce O'Neale,BKN,29,29,17,12,1035.5,262,91,241,37.8,64,158,40.5,16,25,64.0,25,129,154,131,52,30,18,96,735,1,1,12
156,Doug McDermott,SAS,30,25,9,16,521.4,259,97,203,47.8,50,119,42.0,15,22,68.2,8,43,51,38,24,2,5,42,374,0,0,-95
157,Monte Morris,WAS,27,26,10,16,729.8,255,100,220,45.5,35,90,38.9,20,27,74.1,9,77,86,135,23,19,5,41,610,0,0,9
158,Dorian Finney-Smith,DAL,29,30,15,15,953.1,251,90,226,39.8,56,165,33.9,15,23,65.2,40,80,120,35,28,29,16,57,555,0,0,15
159,Jarred Vanderbilt,UTA,23,30,15,15,738.4,249,103,178,57.9,12,31,38.7,31,46,67.4,74,169,243,85,43,37,8,84,760,5,0,-52
160,Wendell Carter Jr.,ORL,23,15,5,10,492.6,249,87,169,51.5,18,52,34.6,57,69,82.6,32,104,136,49,39,8,8,48,495,6,0,5
161,Georges Niang,PHI,29,26,15,11,514.9,248,86,191,45.0,60,141,42.6,16,18,88.9,5,53,58,30,22,14,7,56,404,0,0,43
162,Tari Eason,HOU,21,29,9,20,542.0,247,95,223,42.6,21,58,36.2,36,42,85.7,63,92,155,24,25,36,14,64,594,1,0,14
163,Will Barton,WAS,31,29,11,18,660.9,246,89,238,37.4,41,112,36.6,27,33,81.8,7,84,91,82,34,16,9,35,519,0,0,-69
164,Deni Avdija,WAS,21,31,11,20,798.7,244,90,218,41.3,27,93,29.0,37,48,77.1,26,141,167,83,44,26,20,96,663,3,0,-62
165,Larry Nance Jr.,NOP,29,27,16,11,625.5,244,105,162,64.8,10,25,40.0,24,33,72.7,48,108,156,50,26,26,24,61,630,0,0,98
166,Damion Lee,PHX,30,30,18,12,629.0,243,83,180,46.1,54,113,47.8,23,25,92.0,21,78,99,36,23,15,3,43,447,0,0,67
167,Aleksej Pokusevski,OKC,20,27,12,15,600.6,239,94,215,43.7,34,89,38.2,17,27,63.0,41,100,141,54,37,14,38,49,608,3,0,-165
168,Cade Cunningham,DET,21,12,3,9,400.2,239,93,224,41.5,17,61,27.9,36,43,83.7,12,62,74,72,39,10,7,34,448,3,0,-60
169,Aaron Nesmith,IND,23,27,12,15,599.7,237,83,194,42.8,43,111,38.7,28,33,84.8,20,75,95,28,27,20,14,82,468,1,0,-45
170,Shaedon Sharpe,POR,19,29,16,13,589.9,237,98,212,46.2,26,78,33.3,15,25,60.0,24,51,75,15,20,11,6,44,381,0,0,-65
171,Joe Harris,BKN,31,28,18,10,725.9,236,86,207,41.5,52,140,37.1,12,17,70.6,12,68,80,46,16,17,9,71,463,0,0,29
172,Onyeka Okongwu,ATL,22,29,15,14,610.6,235,94,151,62.3,0,3,0.0,47,64,73.4,70,119,189,26,28,17,21,86,587,3,0,-62
173,Draymond Green,GSW,32,27,15,12,836.8,228,93,174,53.4,14,44,31.8,28,40,70.0,20,146,166,179,69,21,21,80,753,2,0,177
174,Terrence Ross,ORL,31,28,10,18,663.7,226,87,212,41.0,43,116,37.1,9,13,69.2,8,54,62,36,33,19,6,41,396,0,0,16
175,Jevon Carter,MIL,27,29,21,8,749.7,225,84,196,42.9,41,99,41.4,16,19,84.2,20,61,81,95,36,37,15,64,585,1,0,50
176,Naz Reid,MIN,23,24,11,13,375.7,225,89,161,55.3,20,55,36.4,27,44,61.4,21,75,96,19,24,11,21,52,441,1,0,-31
177,Tre Mann,OKC,21,27,11,16,537.7,225,88,231,38.1,36,125,28.8,13,20,65.0,15,54,69,43,24,21,3,40,420,0,0,9
178,Josh Richardson,SAS,29,21,8,13,488.5,224,78,189,41.3,39,106,36.8,29,34,85.3,10,40,50,61,37,16,2,36,393,1,0,-65
179,Andrew Nembhard,IND,22,26,13,13,666.1,222,86,183,47.0,36,93,38.7,14,16,87.5,10,66,76,99,37,25,5,76,515,2,0,-49
180,Jaren Jackson Jr.,MEM,23,13,9,4,330.6,222,74,147,50.3,23,62,37.1,51,67,76.1,24,58,82,7,20,11,40,37,464,2,0,92
181,Jeremiah Robinson-Earl,OKC,22,26,10,16,548.1,221,85,174,48.9,29,76,38.2,22,28,78.6,51,78,129,25,16,19,11,49,487,1,0,-37
182,Corey Kispert,WAS,23,23,7,16,650.4,219,80,163,49.1,41,99,41.4,18,24,75.0,15,42,57,37,15,13,4,38,379,0,0,-74
183,John Konchar,MEM,26,27,17,10,730.2,219,82,175,46.9,40,101,39.6,15,17,88.2,32,132,164,41,18,28,7,46,564,2,0,144
184,Al Horford,BOS,36,22,15,7,680.2,218,84,162,51.9,45,101,44.6,5,8,62.5,20,117,137,58,16,9,24,43,552,2,0,113
185,Goran Dragic,CHI,36,28,10,18,472.9,218,83,189,43.9,30,77,39.0,22,34,64.7,11,32,43,91,34,7,4,38,405,0,0,44
186,Naji Marshall,NOP,24,27,16,11,594.1,216,77,174,44.3,24,72,33.3,38,47,80.9,22,61,83,61,23,21,7,35,468,0,0,8
187,Torrey Craig,PHX,32,27,17,10,652.6,215,83,179,46.4,35,94,37.2,14,17,82.4,52,86,138,41,19,18,19,64,534,1,0,-87
188,Kevin Love,CLE,34,23,15,8,449.3,212,66,165,40.0,43,116,37.1,37,42,88.1,17,138,155,48,27,4,3,36,464,4,0,81
189,Marvin Bagley III,DET,23,19,5,14,424.4,212,89,160,55.6,7,23,30.4,27,36,75.0,42,72,114,11,19,13,14,39,427,3,0,-109
190,Steven Adams,MEM,29,26,17,9,689.3,210,93,154,60.4,0,1,0.0,24,72,33.3,122,143,265,59,54,22,32,64,725,7,0,157
191,Talen Horton-Tucker,UTA,22,29,14,15,477.7,208,79,204,38.7,20,84,23.8,30,41,73.2,15,63,78,71,36,23,11,42,474,1,0,14
192,Kevon Looney,GSW,26,31,15,16,717.2,207,88,135,65.2,0,0,0.0,31,48,64.6,78,163,241,90,11,13,19,85,716,3,0,120
193,Herbert Jones,NOP,24,20,11,9,551.5,206,71,157,45.2,17,55,30.9,47,62,75.8,24,46,70,45,21,21,14,66,442,0,0,80
194,Mike Conley,UTA,35,21,13,8,608.4,206,69,181,38.1,37,104,35.6,31,43,72.1,7,38,45,156,32,22,5,45,543,4,0,11
195,Gordon Hayward,CHA,32,13,4,9,418.8,203,73,166,44.0,19,50,38.0,38,51,74.5,10,50,60,57,32,9,4,15,368,1,0,-52
196,Mo Bamba,ORL,24,25,11,14,474.1,203,74,150,49.3,27,71,38.0,28,41,68.3,30,107,137,27,18,7,24,60,483,1,0,8
197,Jalen Duren,DET,19,29,8,21,666.9,201,85,139,61.2,0,1,0.0,31,57,54.4,91,142,233,21,33,18,24,73,605,5,0,-73
198,Sam Hauser,BOS,25,31,22,9,499.7,200,69,149,46.3,55,131,42.0,7,9,77.8,12,64,76,22,8,7,7,40,358,0,0,118
199,Daniel Gafford,WAS,24,31,11,20,444.2,197,81,110,73.6,0,0,0.0,35,59,59.3,50,83,133,14,26,11,34,53,487,3,0,-16
200,Keita Bates-Diop,SAS,26,24,6,18,454.3,197,79,147,53.7,12,34,35.3,27,34,79.4,31,41,72,20,19,16,4,19,354,0,0,-167
201,David Roddy,MEM,21,29,19,10,558.8,194,73,182,40.1,28,97,28.9,20,29,69.0,20,64,84,21,23,9,9,43,357,0,0,-72
202,Jonathan Kuminga,GSW,20,27,14,13,470.8,193,74,158,46.8,15,54,27.8,30,43,69.8,26,54,80,34,35,11,13,58,377,1,0,-80
203,Obi Toppin,NYK,24,25,12,13,428.4,192,72,171,42.1,34,97,35.1,14,17,82.4,14,80,94,26,19,10,5,28,370,0,0,6
204,Jordan Goodwin,WAS,24,24,7,17,533.7,191,74,153,48.4,19,47,40.4,24,33,72.7,30,70,100,78,26,31,14,45,537,0,0,-25
205,Isaiah Jackson,IND,20,27,13,14,436.2,190,71,129,55.0,1,6,16.7,47,68,69.1,41,76,117,28,26,14,32,64,484,2,0,8
206,Edmond Sumner,BKN,26,26,17,9,394.0,188,64,141,45.4,15,51,29.4,45,49,91.8,10,30,40,38,27,25,5,41,356,0,0,39
207,Nicolas Batum,LAC,34,32,18,14,670.0,186,64,145,44.1,45,111,40.5,13,22,59.1,30,107,137,43,22,19,23,65,519,0,0,75
208,Justise Winslow,POR,26,27,15,12,737.8,185,76,186,40.9,13,41,31.7,20,28,71.4,44,93,137,94,41,29,10,84,566,1,0,-19
209,Rui Hachimura,WAS,24,16,9,7,375.5,185,76,158,48.1,12,36,33.3,21,29,72.4,12,65,77,17,22,5,8,18,320,1,0,-74
210,Walker Kessler,UTA,21,29,15,14,497.3,185,79,106,74.5,0,0,0.0,27,46,58.7,65,110,175,17,19,6,54,62,582,4,0,39
211,Cole Anthony,ORL,22,14,6,8,370.9,183,66,149,44.3,18,54,33.3,33,38,86.8,6,56,62,55,25,12,4,46,363,0,0,-31
212,Isaiah Hartenstein,NYK,24,30,17,13,609.6,183,77,147,52.4,6,25,24.0,23,29,79.3,92,119,211,25,26,21,27,78,592,1,0,29
213,Kyle Anderson,MIN,29,25,11,14,607.6,182,66,138,47.8,10,29,34.5,40,50,80.0,13,93,106,85,36,28,20,47,545,1,0,1
214,Luke Kennard,LAC,26,20,13,7,444.3,182,67,128,52.3,39,80,48.8,9,10,90.0,4,49,53,20,21,11,2,27,294,0,0,72
215,Terence Davis,SAC,25,24,13,11,329.0,181,65,144,45.1,37,96,38.5,14,16,87.5,12,56,68,33,22,17,6,47,359,0,0,14
216,Chris Paul,PHX,37,16,9,7,501.0,178,57,147,38.8,24,70,34.3,40,47,85.1,8,70,78,144,32,24,4,38,540,4,0,48
217,Josh Green,DAL,22,25,13,12,507.1,176,60,103,58.3,24,54,44.4,32,45,71.1,22,35,57,29,18,23,1,62,342,0,0,89
218,Jock Landale,PHX,27,27,15,12,365.8,175,67,128,52.3,6,36,16.7,35,44,79.5,42,58,100,20,23,6,19,50,377,1,0,87
219,Jalen Suggs,ORL,21,14,4,10,404.5,173,65,155,41.9,20,68,29.4,23,35,65.7,15,31,46,76,47,22,9,44,388,0,0,-47
220,Ben Simmons,BKN,26,21,12,9,578.1,172,77,126,61.1,0,1,0.0,18,35,51.4,19,121,140,124,48,27,12,76,595,2,0,1
221,Seth Curry,BKN,32,20,14,6,434.6,171,62,142,43.7,33,82,40.2,14,15,93.3,4,38,42,44,21,11,4,38,311,0,0,44
222,Davion Mitchell,SAC,24,27,15,12,531.1,170,69,158,43.7,20,69,29.0,12,17,70.6,5,41,46,66,31,13,8,43,356,0,0,9
223,Jeremy Sochan,SAS,19,23,6,17,553.1,169,75,165,45.5,8,46,17.4,11,24,45.8,27,66,93,50,33,19,10,58,410,0,0,-110
224,Cam Reddish,NYK,23,20,9,11,437.9,168,61,136,44.9,17,56,30.4,29,33,87.9,7,24,31,20,15,15,8,32,289,0,0,-11
225,Gabe Vincent,MIA,26,19,9,10,471.8,168,60,154,39.0,27,91,29.7,21,25,84.0,5,34,39,56,26,16,2,49,327,0,0,-14
226,Jeff Green,DEN,36,22,14,8,423.5,168,63,121,52.1,8,27,29.6,34,45,75.6,21,42,63,26,21,7,6,39,301,0,0,-65
227,Kawhi Leonard,LAC,31,11,9,2,292.0,168,64,144,44.4,10,43,23.3,30,41,73.2,12,55,67,36,16,10,3,17,325,0,0,83
228,Troy Brown Jr.,LAL,23,26,12,14,609.4,165,63,149,42.3,22,72,30.6,17,17,100,22,86,108,21,23,19,3,37,369,1,0,-23
229,JaMychal Green,GSW,32,28,13,15,417.5,163,64,125,51.2,13,49,26.5,22,30,73.3,40,72,112,21,32,13,10,57,366,0,0,-62
230,Mitchell Robinson,NYK,24,22,13,9,544.7,163,72,101,71.3,0,0,0.0,19,39,48.7,93,93,186,18,14,14,43,65,570,2,0,66
231,Dewayne Dedmon,MIA,33,25,15,10,306.3,162,61,120,50.8,11,35,31.4,29,40,72.5,25,68,93,15,16,5,12,51,331,0,0,-82
232,Quentin Grimes,NYK,22,20,11,9,494.3,162,58,120,48.3,28,75,37.3,18,22,81.8,15,53,68,35,20,14,10,52,348,0,0,72
233,Coby White,CHI,22,21,8,13,421.8,161,59,143,41.3,31,93,33.3,12,17,70.6,3,49,52,38,18,13,4,36,313,0,0,13
234,Drew Eubanks,POR,25,28,15,13,481.8,161,68,91,74.7,1,2,50.0,24,35,68.6,38,73,111,23,22,11,27,52,421,0,0,0
235,Moritz Wagner,ORL,25,13,6,7,339.9,160,55,112,49.1,12,44,27.3,38,42,90.5,25,61,86,28,23,10,4,45,324,2,0,-51
236,Cam Thomas,BKN,21,23,15,8,340.6,159,51,129,39.5,10,29,34.5,47,60,78.3,3,27,30,33,17,9,3,22,264,0,0,28
237,Devonte' Graham,NOP,27,29,18,11,440.5,159,48,129,37.2,38,105,36.2,25,31,80.6,7,37,44,60,18,14,7,24,347,0,0,29
238,Zach Collins,SAS,25,18,8,10,375.1,159,64,120,53.3,12,38,31.6,19,26,73.1,33,71,104,53,44,10,18,69,403,0,0,-82
239,Jordan Nwora,MIL,24,25,18,7,428.0,158,52,143,36.4,27,74,36.5,27,32,84.4,20,61,81,25,23,8,3,22,303,0,0,-75
240,Hamidou Diallo,DET,24,25,5,20,378.8,157,60,124,48.4,2,13,15.4,35,55,63.6,23,47,70,23,21,13,5,53,309,0,0,-19
241,Theo Maledon,CHA,21,28,7,21,465.1,156,52,123,42.3,17,48,35.4,35,38,92.1,8,63,71,66,30,19,5,28,382,0,0,-89
242,Oshae Brissett,IND,24,26,12,14,406.2,154,45,107,42.1,24,65,36.9,40,55,72.7,18,58,76,11,13,18,5,35,318,0,0,6
243,Isaiah Joe,OKC,23,23,10,13,256.1,152,48,101,47.5,38,83,45.8,18,21,85.7,3,39,42,23,13,11,2,27,263,0,0,94
244,Reggie Bullock,DAL,31,29,15,14,802.3,151,49,142,34.5,38,117,32.5,15,21,71.4,11,82,93,27,12,21,3,64,363,0,0,10
245,Kevin Knox II,DET,23,25,6,19,354.0,150,53,111,47.7,27,70,38.6,17,22,77.3,14,47,61,12,13,10,9,47,285,0,0,-10
246,Nickeil Alexander-Walker,UTA,24,21,11,10,316.7,150,54,107,50.5,26,59,44.1,16,22,72.7,5,28,33,46,29,13,8,34,293,0,0,-23
247,T.J. McConnell,IND,30,28,13,15,490.4,150,65,146,44.5,4,16,25.0,16,18,88.9,16,50,66,122,45,31,5,34,475,1,0,-27
248,Kenrich Williams,OKC,28,22,10,12,461.1,149,63,123,51.2,16,44,36.4,7,17,41.2,37,51,88,34,8,14,4,43,352,0,0,-14
249,Alex Caruso,CHI,28,28,11,17,715.0,148,49,117,41.9,23,65,35.4,27,36,75.0,11,65,76,106,39,43,19,65,545,1,0,37
250,Donte DiVincenzo,GSW,25,23,13,10,472.3,148,50,129,38.8,32,86,37.2,16,20,80.0,20,75,95,62,33,27,2,46,409,1,0,-4
251,Thomas Bryant,LAL,25,15,9,6,244.1,148,57,83,68.7,6,14,42.9,28,41,68.3,20,49,69,11,8,4,9,25,278,1,0,20
252,Aaron Wiggins,OKC,23,22,10,12,427.2,147,54,109,49.5,17,43,39.5,22,29,75.9,21,62,83,37,19,12,4,37,331,1,0,36
253,Dwight Powell,DAL,31,26,14,12,437.8,147,56,81,69.1,0,1,0.0,35,53,66.0,47,43,90,13,20,14,10,64,327,0,0,66
254,Javonte Green,CHI,29,25,9,16,403.5,147,56,96,58.3,12,31,38.7,23,35,65.7,24,53,77,19,18,21,17,41,364,0,0,57
255,Duncan Robinson,MIA,28,22,10,12,388.9,146,48,134,35.8,33,103,32.0,17,18,94.4,6,38,44,29,15,6,0,44,245,0,0,-26
256,Yuta Watanabe,BKN,28,18,9,9,344.1,146,54,96,56.3,29,55,52.7,9,13,69.2,15,41,56,20,8,7,10,28,286,0,0,12
257,George Hill,MIL,36,29,21,8,571.6,143,47,110,42.7,19,60,31.7,30,42,71.4,12,51,63,76,26,12,3,34,352,0,0,45
258,Taurean Prince,MIN,28,18,10,8,351.6,142,51,103,49.5,21,54,38.9,19,22,86.4,6,39,45,21,21,6,4,43,237,0,0,9
259,Landry Shamet,PHX,25,21,13,8,350.3,141,45,116,38.8,30,82,36.6,21,24,87.5,8,14,22,34,17,14,3,29,252,0,0,70
260,Andre Drummond,CHI,29,22,8,14,305.5,140,60,107,56.1,0,2,0.0,20,34,58.8,50,107,157,19,26,14,8,47,397,4,0,-22
261,Dennis Smith Jr.,CHA,25,15,4,11,419.0,140,62,134,46.3,10,30,33.3,6,12,50.0,9,40,49,85,23,27,10,34,414,1,0,13
262,Jalen Johnson,ATL,21,28,14,14,458.7,140,57,128,44.5,10,46,21.7,16,23,69.6,19,85,104,29,16,15,14,51,379,1,0,-48
263,Aaron Holiday,ATL,26,26,15,11,470.7,139,51,120,42.5,18,43,41.9,19,23,82.6,14,28,42,43,21,21,5,48,311,0,0,4
264,LaMelo Ball,CHA,21,6,1,5,201.1,139,50,110,45.5,26,67,38.8,13,15,86.7,1,18,19,40,16,5,2,18,227,1,0,-47
265,Thaddeus Young,TOR,34,27,10,17,464.6,139,61,113,54.0,4,19,21.1,13,16,81.3,45,55,100,49,21,29,3,47,408,0,0,-33
266,Derrick Rose,NYK,34,22,10,12,288.2,138,55,138,39.9,18,52,34.6,10,10,100,8,29,37,42,18,7,5,15,263,0,0,-3
267,Maxi Kleber,DAL,30,22,13,9,564.3,137,51,104,49.0,24,65,36.9,11,14,78.6,19,59,78,21,13,7,22,48,336,0,0,24
268,R.J. Hampton,ORL,21,21,4,17,326.8,136,46,105,43.8,17,49,34.7,27,31,87.1,9,25,34,32,19,16,4,20,266,0,0,-44
269,Bogdan Bogdanovic,ATL,30,7,3,4,199.4,135,48,106,45.3,29,68,42.6,10,12,83.3,1,29,30,14,16,4,1,8,191,0,0,2
270,Dennis Schroder,LAL,29,15,9,6,395.2,135,45,113,39.8,13,43,30.2,32,34,94.1,2,25,27,56,20,8,0,29,255,0,0,-8
271,Derrick Jones Jr.,CHI,25,24,7,17,330.0,135,47,94,50.0,11,31,35.5,30,36,83.3,23,33,56,13,9,13,17,32,303,0,0,12
272,Isaac Okoro,CLE,21,31,20,11,569.2,129,47,116,40.5,12,54,22.2,23,28,82.1,14,51,65,18,20,20,12,57,310,0,0,-1
273,Isaiah Livers,DET,24,22,5,17,430.3,128,42,104,40.4,29,81,35.8,15,20,75.0,11,39,50,13,13,9,12,42,258,0,0,-129
274,Anthony Lamb,GSW,24,23,12,11,410.6,127,50,98,51.0,25,64,39.1,2,6,33.3,16,55,71,34,24,14,7,48,302,0,0,-50
275,Trey Lyles,SAC,27,22,13,9,304.3,127,43,108,39.8,24,71,33.8,17,23,73.9,21,42,63,16,19,6,7,24,247,0,0,-2
276,Chimezie Metu,SAC,25,24,14,10,274.9,125,52,89,58.4,5,21,23.8,16,20,80.0,15,60,75,16,17,9,5,28,264,0,0,-6
277,Cory Joseph,DET,31,26,7,19,406.2,125,47,113,41.6,17,48,35.4,14,20,70.0,7,22,29,85,16,8,2,37,301,0,0,-22
278,Garrison Mathews,HOU,26,24,8,16,320.5,125,33,86,38.4,30,81,37.0,29,31,93.5,5,24,29,10,7,13,3,32,216,0,0,8
279,Moses Moody,GSW,20,26,12,14,382.8,124,41,94,43.6,23,61,37.7,19,23,82.6,9,36,45,20,23,9,5,24,227,0,0,-45
280,Darius Bazley,OKC,22,21,7,14,355.2,123,47,108,43.5,11,31,35.5,18,35,51.4,20,62,82,22,12,12,25,27,353,0,0,8
281,Kendrick Nunn,LAL,27,24,10,14,291.3,122,47,132,35.6,18,66,27.3,10,11,90.9,1,27,28,25,25,5,1,20,186,0,0,-39
282,Malachi Flynn,TOR,24,18,8,10,240.3,121,43,101,42.6,24,50,48.0,11,13,84.6,7,19,26,21,11,8,1,27,200,0,0,-28
283,Lamar Stevens,CLE,25,17,12,5,404.2,118,45,102,44.1,11,33,33.3,17,21,81.0,10,60,70,9,9,8,7,25,252,1,0,15
284,Trendon Watford,POR,22,21,11,10,375.7,118,41,74,55.4,7,17,41.2,29,37,78.4,16,70,86,38,19,11,3,35,301,2,0,-41
285,DeAndre Jordan,DEN,34,24,14,10,352.7,117,50,65,76.9,1,1,100,16,34,47.1,34,96,130,21,27,3,16,40,335,1,0,-58
286,Dyson Daniels,NOP,19,21,14,7,425.8,117,44,88,50.0,14,34,41.2,15,22,68.2,13,62,75,49,18,16,5,46,326,0,0,-8
287,Nassir Little,POR,22,21,11,10,321.3,116,43,91,47.3,16,43,37.2,14,21,66.7,7,43,50,18,14,8,3,17,222,0,0,-35
288,Dalano Banton,TOR,23,22,11,11,221.6,115,44,104,42.3,13,43,30.2,14,17,82.4,9,23,32,26,13,12,12,24,251,0,0,-53
289,Justin Holiday,ATL,33,23,10,13,381.7,115,44,114,38.6,27,79,34.2,0,0,0.0,1,18,19,20,12,5,9,35,198,0,0,-54
290,Patty Mills,BKN,34,21,10,11,252.9,115,40,91,44.0,24,63,38.1,11,12,91.7,5,17,22,27,9,5,1,10,191,0,0,-24
291,Danuel House Jr.,PHI,29,23,12,11,420.3,114,38,79,48.1,16,46,34.8,22,29,75.9,4,42,46,17,13,6,5,31,215,0,0,-22
292,Christian Koloko,TOR,22,30,13,17,503.6,113,41,92,44.6,0,7,0.0,31,47,66.0,50,53,103,15,16,8,38,82,381,0,0,67
293,Luke Kornet,BOS,27,26,17,9,351.4,113,48,68,70.6,2,6,33.3,15,18,83.3,34,55,89,20,11,5,24,40,326,0,0,34
294,MarJon Beauchamp,MIL,22,18,13,5,278.7,112,40,100,40.0,18,55,32.7,14,19,73.7,18,35,53,10,20,10,2,30,207,0,0,-11
295,Montrezl Harrell,PHI,28,24,13,11,279.4,112,38,72,52.8,0,0,0.0,36,50,72.0,24,44,68,15,13,5,11,27,251,0,0,26
296,Isaiah Roby,SAS,24,24,7,17,296.3,110,43,95,45.3,14,40,35.0,10,23,43.5,11,56,67,31,17,12,6,31,274,0,0,-57
297,Amir Coffey,LAC,25,26,13,13,397.1,108,33,86,38.4,9,26,34.6,33,41,80.5,11,21,32,32,13,6,2,33,205,0,0,-75
298,Charles Bassey,SAS,22,19,4,15,294.7,108,46,67,68.7,2,6,33.3,14,22,63.6,41,71,112,28,23,7,22,46,348,0,0,-29
299,Dean Wade,CLE,26,17,12,5,409.3,108,38,84,45.2,23,56,41.1,9,13,69.2,10,59,69,17,7,12,6,42,263,0,0,83
300,James Bouknight,CHA,22,22,5,17,336.4,108,39,117,33.3,15,61,24.6,15,22,68.2,5,42,47,27,18,11,4,29,232,0,0,-23
301,Josh Okogie,PHX,24,26,15,11,273.7,108,35,88,39.8,10,40,25.0,28,37,75.7,32,41,73,25,15,16,11,37,299,1,0,63
302,Patrick Beverley,LAL,34,22,10,12,576.7,106,34,105,32.4,19,70,27.1,19,25,76.0,12,70,82,56,19,19,11,62,359,0,0,-24
303,Precious Achiuwa,TOR,23,12,7,5,244.8,105,36,92,39.1,5,28,17.9,28,33,84.8,24,60,84,16,15,2,7,19,242,2,0,-10
304,Robert Covington,LAC,32,19,7,12,308.3,105,36,95,37.9,19,60,31.7,14,17,82.4,8,61,69,23,15,10,13,40,276,0,0,-41
305,Romeo Langford,SAS,23,16,6,10,316.5,105,42,87,48.3,5,24,20.8,16,23,69.6,26,22,48,15,13,11,7,28,226,0,0,-102
306,Cameron Johnson,PHX,26,8,6,2,202.3,104,37,83,44.6,22,51,43.1,8,11,72.7,5,22,27,14,2,9,3,14,191,0,0,73
307,Markelle Fultz,ORL,24,10,6,4,263.8,104,43,95,45.3,5,12,41.7,13,16,81.3,13,22,35,47,27,14,3,27,241,0,0,-21
308,P.J. Tucker,PHI,37,28,16,12,803.1,102,38,86,44.2,19,48,39.6,7,9,77.8,35,86,121,26,25,16,8,74,333,0,0,73
309,Wenyen Gabriel,LAL,25,20,10,10,271.1,102,40,67,59.7,4,13,30.8,18,22,81.8,26,47,73,13,14,11,10,35,258,0,0,8
310,Mike Muscala,OKC,31,20,7,13,244.7,101,36,82,43.9,17,54,31.5,12,16,75.0,8,55,63,17,7,3,9,29,231,0,0,54
311,Daishen Nix,HOU,20,26,9,17,392.6,99,32,88,36.4,20,58,34.5,15,19,78.9,10,37,47,66,37,20,3,24,286,0,0,-21
312,Chuma Okeke,ORL,24,18,5,13,391.7,98,32,87,36.8,18,60,30.0,16,21,76.2,21,55,76,26,9,11,9,34,279,0,0,-74
313,Usman Garuba,HOU,20,27,9,18,400.8,92,35,64,54.7,7,13,53.8,15,28,53.6,50,83,133,29,19,23,18,47,399,0,0,-47
314,Evan Fournier,NYK,30,13,6,7,259.7,90,31,90,34.4,19,57,33.3,9,11,81.8,2,25,27,22,14,9,3,28,177,0,0,-48
315,Moses Brown,LAC,23,24,12,12,161.8,90,34,55,61.8,0,0,0.0,22,46,47.8,31,41,72,3,7,1,10,21,207,0,0,1
316,Admiral Schofield,ORL,25,20,10,10,249.1,89,33,70,47.1,16,43,37.2,7,7,100,14,20,34,14,4,4,2,42,165,0,0,-46
317,Caleb Houstan,ORL,19,21,5,16,391.6,89,29,80,36.3,20,57,35.1,11,13,84.6,15,40,55,16,6,4,2,36,191,0,0,-43
318,Jericho Sims,NYK,24,22,14,8,275.4,88,40,52,76.9,0,0,0.0,8,10,80.0,39,50,89,8,9,5,16,38,261,2,0,-29
319,Pat Connaughton,MIL,29,13,9,4,248.5,88,30,94,31.9,19,69,27.5,9,11,81.8,9,35,44,9,7,8,2,12,177,0,0,38
320,Austin Rivers,MIN,30,20,10,10,329.2,87,27,66,40.9,15,42,35.7,18,19,94.7,0,27,27,21,10,9,1,28,171,0,0,-75
321,Bismack Biyombo,PHX,30,24,15,9,319.4,87,38,66,57.6,0,0,0.0,11,28,39.3,25,60,85,20,24,6,34,45,315,1,0,42
322,JaVale McGee,DAL,34,19,9,10,171.3,87,37,61,60.7,1,4,25.0,12,22,54.5,14,35,49,4,19,3,11,24,175,0,0,-70
323,Juancho Hernangomez,TOR,27,19,8,11,359.3,87,35,70,50.0,12,38,31.6,5,11,45.5,17,63,80,15,11,10,4,26,237,1,0,1
324,Chris Duarte,IND,25,10,4,6,191.0,86,30,76,39.5,13,40,32.5,13,17,76.5,4,17,21,9,9,1,4,18,131,0,0,-16
325,Christian Braun,DEN,21,27,17,10,381.6,86,34,79,43.0,8,27,29.6,10,18,55.6,17,41,58,15,9,8,4,29,205,0,0,-74
326,Payton Pritchard,BOS,24,18,14,4,199.0,85,31,79,39.2,16,47,34.0,7,10,70.0,10,16,26,20,14,6,1,7,153,0,0,-9
327,Jake LaRavia,MEM,21,18,13,5,311.6,84,30,72,41.7,19,50,38.0,5,5,100,16,37,53,17,15,10,3,35,197,0,0,-44
328,James Wiseman,GSW,21,14,5,9,165.6,84,34,58,58.6,0,0,0.0,16,25,64.0,14,35,49,11,10,1,4,29,164,0,0,-84
329,Kevon Harris,ORL,25,23,8,15,274.5,83,26,67,38.8,9,24,37.5,22,26,84.6,21,26,47,10,15,9,1,30,169,0,0,-10
330,Vlatko Cancar,DEN,25,20,12,8,211.4,83,31,66,47.0,15,35,42.9,6,7,85.7,5,24,29,17,12,7,4,24,164,0,0,-34
331,Eugene Omoruyi,OKC,25,13,3,10,176.4,81,31,66,47.0,8,25,32.0,11,16,68.8,14,19,33,8,8,12,0,33,161,0,0,-12
332,Rudy Gay,UTA,36,18,11,7,284.3,81,33,94,35.1,11,51,21.6,4,8,50.0,11,48,59,15,12,9,9,24,216,0,0,65
333,Ty Jerome,GSW,25,15,5,10,223.7,81,28,56,50.0,10,25,40.0,15,16,93.8,1,20,21,30,7,2,1,17,153,0,0,-92
334,Malaki Branham,SAS,19,15,3,12,255.0,80,29,83,34.9,13,48,27.1,9,11,81.8,3,19,22,23,11,4,2,16,148,0,0,-53
335,Blake Griffin,BOS,33,14,9,5,222.8,79,28,55,50.9,8,23,34.8,15,21,71.4,15,44,59,18,6,3,1,30,183,0,0,28
336,Zeke Nnaji,DEN,21,20,11,9,185.2,79,33,57,57.9,3,14,21.4,10,12,83.3,18,9,27,4,9,3,3,27,126,0,0,-64
337,Khris Middleton,MIL,31,7,4,3,170.6,78,25,77,32.5,11,41,26.8,17,19,89.5,1,17,18,31,11,4,1,18,150,0,0,-12
338,Simone Fontecchio,UTA,27,17,10,7,167.4,78,26,63,41.3,17,44,38.6,9,14,64.3,10,14,24,8,10,2,4,14,127,0,0,-60
339,Furkan Korkmaz,PHI,25,16,10,6,200.0,76,24,62,38.7,10,30,33.3,18,25,72.0,4,19,23,15,12,4,2,8,132,0,0,-7
340,Anthony Gill,WAS,30,26,8,18,290.2,75,30,53,56.6,2,14,14.3,13,15,86.7,15,25,40,13,5,5,5,35,168,0,0,-19
341,Paul Reed,PHI,23,25,15,10,267.6,74,33,61,54.1,0,3,0.0,8,12,66.7,32,56,88,12,16,21,16,56,293,2,0,-49
342,Jordan McLaughlin,MIN,26,18,10,8,287.0,73,28,66,42.4,8,34,23.5,9,9,100,7,23,30,65,14,15,2,7,244,0,0,86
343,Nikola Jovic,MIA,19,12,5,7,183.7,73,24,60,40.0,7,30,23.3,18,19,94.7,8,20,28,10,10,7,1,15,136,0,0,-18
344,Haywood Highsmith,MIA,26,20,10,10,379.4,72,27,83,32.5,13,42,31.0,5,14,35.7,21,62,83,16,13,16,7,25,252,1,0,-38
345,Markieff Morris,BKN,33,18,13,5,204.4,70,24,56,42.9,16,35,45.7,6,6,100,9,34,43,17,11,6,4,21,166,1,0,32
346,Brandon Boston Jr.,LAC,21,13,5,8,124.3,69,23,61,37.7,8,18,44.4,15,19,78.9,3,10,13,9,5,3,0,9,102,0,0,-15
347,Duane Washington Jr.,PHX,22,15,12,3,134.9,69,29,77,37.7,11,39,28.2,0,2,0.0,0,9,9,11,9,1,1,7,93,0,0,-7
348,Wesley Matthews,MIL,36,21,15,6,311.1,68,22,65,33.8,17,52,32.7,7,8,87.5,16,20,36,11,7,11,4,31,166,0,0,10
349,Keon Johnson,POR,20,11,6,5,152.0,67,26,67,38.8,12,36,33.3,3,8,37.5,3,19,22,15,19,5,2,13,118,0,0,-22
350,Kai Jones,CHA,21,21,6,15,213.5,63,26,53,49.1,3,11,27.3,8,11,72.7,19,30,49,5,9,5,10,30,165,0,0,14
351,Robin Lopez,CLE,34,20,14,6,179.2,63,27,41,65.9,0,0,0.0,9,12,75.0,17,11,28,9,13,1,3,23,109,0,0,-16
352,Gary Harris,ORL,28,6,1,5,154.6,62,23,48,47.9,10,23,43.5,6,6,100,5,11,16,12,9,4,2,13,108,0,0,-35
353,Serge Ibaka,MIL,33,15,11,4,169.7,62,24,47,51.1,6,15,40.0,8,13,61.5,13,29,42,4,8,0,6,20,128,0,0,-17
354,Day'Ron Sharpe,BKN,21,17,9,8,151.5,61,23,45,51.1,3,4,75.0,12,17,70.6,22,35,57,10,12,3,10,30,171,1,0,-34
355,Ousmane Dieng,OKC,19,14,6,8,219.6,61,25,59,42.4,10,34,29.4,1,4,25.0,6,34,40,20,7,5,4,12,159,0,0,15
356,Willy Hernangomez,NOP,28,12,9,3,106.4,61,20,40,50.0,1,5,20.0,20,24,83.3,15,26,41,7,12,4,2,10,127,0,0,4
357,Goga Bitadze,IND,23,16,7,9,158.3,58,23,42,54.8,3,12,25.0,9,18,50.0,16,21,37,16,10,6,9,28,161,1,0,-12
358,Xavier Tillman,MEM,23,15,10,5,162.3,58,25,42,59.5,2,6,33.3,6,14,42.9,17,19,36,8,7,6,7,16,145,0,0,-40
359,Bryn Forbes,MIN,29,16,7,9,167.9,57,21,60,35.0,8,31,25.8,7,7,100,3,5,8,11,6,7,0,11,98,0,0,-17
360,Matisse Thybulle,PHI,25,24,14,10,298.2,57,22,56,39.3,10,33,30.3,3,6,50.0,8,22,30,9,5,20,6,33,180,0,0,58
361,Bruno Fernando,HOU,24,12,5,7,143.0,56,23,37,62.2,0,1,0.0,10,16,62.5,22,29,51,15,7,4,10,27,175,0,0,3
362,T.J. Warren,BKN,29,7,6,1,111.7,56,25,44,56.8,1,7,14.3,5,6,83.3,7,8,15,9,2,4,1,12,101,0,0,17
363,Raul Neto,CLE,30,20,14,6,175.2,55,20,42,47.6,5,17,29.4,10,12,83.3,2,13,15,22,6,7,0,14,121,0,0,4
364,Bryce McGowens,CHA,20,13,3,10,186.1,53,18,45,40.0,6,16,37.5,11,12,91.7,3,15,18,13,6,4,4,7,112,0,0,-41
365,Dario Saric,PHX,28,14,5,9,167.9,53,19,55,34.5,8,25,32.0,7,9,77.8,16,32,48,15,9,3,2,23,139,0,0,29
366,Miles McBride,NYK,22,18,11,7,194.3,53,20,54,37.0,8,33,24.2,5,9,55.6,5,10,15,26,7,12,0,16,139,0,0,50
367,Davon Reed,DEN,27,20,11,9,217.6,52,16,54,29.6,11,31,35.5,9,12,75.0,5,25,30,11,12,5,2,24,114,0,0,-35
368,Josh Christopher,HOU,21,18,4,14,126.1,52,22,50,44.0,3,14,21.4,5,6,83.3,5,15,20,11,12,5,1,13,99,0,0,-55
369,Matt Ryan,MIN,25,16,7,9,144.5,50,16,53,30.2,14,39,35.9,4,5,80.0,2,12,14,6,3,3,0,14,82,0,0,18
370,Richaun Holmes,SAC,29,16,8,8,140.3,50,22,32,68.8,2,3,66.7,4,6,66.7,9,20,29,1,5,2,1,21,90,0,0,-34
371,Victor Oladipo,MIA,30,6,4,2,146.4,50,19,44,43.2,7,24,29.2,5,9,55.6,1,16,17,17,7,9,0,15,116,0,0,3
372,Gorgui Dieng,SAS,32,12,2,10,141.1,48,18,44,40.9,9,31,29.0,3,4,75.0,12,27,39,22,12,1,5,22,134,0,0,-37
373,Damian Jones,LAL,27,15,5,10,136.7,47,18,32,56.3,0,2,0.0,11,14,78.6,15,27,42,4,8,2,8,14,125,1,0,-33
374,Max Christie,LAL,19,13,5,8,164.9,47,16,39,41.0,12,27,44.4,3,4,75.0,3,29,32,5,3,3,2,7,105,0,0,18
375,Frank Kaminsky,ATL,29,13,5,8,109.2,46,15,26,57.7,8,16,50.0,8,8,100,1,22,23,14,5,2,0,15,96,0,0,3
376,Kemba Walker,DAL,32,3,1,2,74.5,46,16,35,45.7,5,17,29.4,9,12,75.0,2,8,10,14,3,0,2,6,82,0,0,8
377,Taj Gibson,WAS,37,18,4,14,125.5,46,16,38,42.1,3,11,27.3,11,14,78.6,8,15,23,7,6,6,3,23,105,0,0,1
378,JT Thor,CHA,20,19,3,16,189.0,44,15,49,30.6,5,27,18.5,9,11,81.8,9,24,33,10,12,6,5,12,120,0,0,9
379,Jarrett Culver,ATL,23,10,5,5,136.9,44,17,43,39.5,1,12,8.3,9,13,69.2,10,28,38,6,7,6,2,14,116,0,0,-19
380,Otto Porter Jr.,TOR,29,8,4,4,146.3,44,15,30,50.0,6,17,35.3,8,8,100,6,13,19,8,4,11,0,7,108,0,0,-21
381,David Duke Jr.,BKN,23,14,7,7,126.0,42,19,43,44.2,0,6,0.0,4,8,50.0,6,9,15,12,13,5,1,23,83,0,0,-31
382,Ish Wainright,PHX,28,13,9,4,147.8,42,14,32,43.8,12,27,44.4,2,3,66.7,10,12,22,11,3,6,3,16,109,0,0,40
383,Trent Forrest,ATL,24,13,5,8,195.7,42,20,42,47.6,0,2,0.0,2,3,66.7,5,19,24,26,7,6,2,14,127,0,0,-34
384,Kennedy Chandler,MEM,20,13,7,6,145.1,41,18,48,37.5,2,12,16.7,3,7,42.9,3,19,22,33,13,8,4,7,140,0,0,-13
385,Ochai Agbaji,UTA,22,13,9,4,115.1,40,16,37,43.2,4,17,23.5,4,9,44.4,6,10,16,2,0,1,0,12,65,0,0,-14
386,Ish Smith,DEN,34,12,6,6,124.4,39,18,44,40.9,2,6,33.3,1,2,50.0,1,13,14,25,13,3,6,9,107,0,0,-3
387,Khem Birch,TOR,30,17,9,8,124.5,39,17,28,60.7,1,2,50.0,4,5,80.0,8,10,18,5,5,5,4,20,90,0,0,0
388,Nathan Knight,MIN,25,13,6,7,68.2,39,14,18,77.8,1,3,33.3,10,13,76.9,4,10,14,3,7,3,1,6,65,0,0,-21
389,AJ Green,MIL,23,12,11,1,69.3,38,13,24,54.2,9,19,47.4,3,3,100,2,6,8,4,2,1,0,11,55,0,0,-15
390,Jaden Hardy,DAL,20,9,4,5,64.0,38,14,40,35.0,1,12,8.3,9,9,100,0,8,8,3,3,1,2,9,58,0,0,-37
391,Davis Bertans,DAL,30,11,4,7,82.7,36,11,31,35.5,9,25,36.0,5,6,83.3,2,6,8,4,3,1,0,13,52,0,0,-31
392,Jamal Cain,MIA,23,8,4,4,93.0,35,15,28,53.6,1,6,16.7,4,6,66.7,7,12,19,5,2,5,0,10,78,0,0,-18
393,KZ Okpala,SAC,23,18,8,10,154.2,34,12,25,48.0,4,11,36.4,6,6,100,6,18,24,9,3,3,4,23,94,0,0,-12
394,Sandro Mamukelashvili,MIL,23,13,10,3,113.1,34,12,31,38.7,5,16,31.3,5,10,50.0,9,22,31,9,4,1,2,10,90,0,0,25
395,Moussa Diabate,LAC,20,8,3,5,90.3,33,13,24,54.2,0,0,0.0,7,9,77.8,20,12,32,2,5,3,1,10,81,0,0,4
396,Lindy Waters III,OKC,25,7,2,5,97.9,32,11,28,39.3,10,26,38.5,0,0,0.0,2,10,12,4,2,4,0,9,62,0,0,53
397,Jabari Walker,POR,20,17,10,7,130.7,31,12,32,37.5,3,11,27.3,4,6,66.7,9,23,32,10,5,1,3,15,91,0,0,17
398,Juan Toscano-Anderson,LAL,29,14,3,11,145.5,31,12,28,42.9,2,11,18.2,5,7,71.4,1,24,25,8,9,3,3,19,82,0,0,-30
399,Garrett Temple,NOP,36,10,7,3,76.5,29,10,23,43.5,6,14,42.9,3,4,75.0,2,6,8,4,3,6,1,6,63,0,0,-23
400,Jordan Hall,SAS,20,9,1,8,82.7,28,9,28,32.1,3,15,20.0,7,9,77.8,3,9,12,11,7,1,0,6,55,0,0,-24
401,Joshua Primo,SAS,19,4,3,1,93.4,28,9,26,34.6,3,12,25.0,7,9,77.8,2,11,13,18,11,1,2,8,69,0,0,-2
402,Terry Taylor,IND,23,16,7,9,128.4,28,11,31,35.5,2,10,20.0,4,5,80.0,9,13,22,6,4,2,4,13,77,0,0,-19
403,Delon Wright,WAS,30,4,3,1,90.8,26,10,24,41.7,3,12,25.0,3,5,60.0,4,6,10,13,4,11,4,5,99,0,0,-27
404,Frank Ntilikina,DAL,24,12,5,7,143.7,26,9,34,26.5,4,20,20.0,4,7,57.1,2,16,18,18,5,3,2,18,85,0,0,-1
405,Wendell Moore Jr.,MIN,21,13,7,6,86.0,26,10,24,41.7,2,11,18.2,4,5,80.0,1,10,11,8,6,5,3,8,69,0,0,-28
406,Jae'Sean Tate,HOU,27,3,0,3,68.1,25,10,20,50.0,2,5,40.0,3,4,75.0,8,5,13,10,5,3,0,15,60,0,0,-10
407,Noah Vonleh,BOS,27,19,15,4,159.7,25,11,24,45.8,1,4,25.0,2,2,100,17,29,46,6,11,2,8,34,108,0,0,-13
408,Orlando Robinson,MIA,22,4,2,2,80.1,25,10,21,47.6,0,5,0.0,5,7,71.4,3,13,16,5,3,5,3,9,73,0,0,13
409,Mamadi Diakite,CLE,25,11,7,4,82.7,24,10,21,47.6,4,12,33.3,0,0,0.0,3,8,11,2,5,2,5,11,56,0,0,13
410,Vit Krejci,ATL,22,14,7,7,98.1,24,9,24,37.5,5,16,31.3,1,2,50.0,2,8,10,10,3,2,1,10,57,0,0,3
411,Ziaire Williams,MEM,21,5,4,1,91.4,23,10,33,30.3,1,16,6.3,2,2,100,2,19,21,8,6,3,2,6,69,0,0,0
412,Jaylin Williams,OKC,20,7,2,5,60.7,21,8,18,44.4,1,5,20.0,4,6,66.7,6,10,16,7,2,3,0,10,58,0,0,15
413,Jeff Dowtin Jr.,TOR,25,9,6,3,66.8,20,9,18,50.0,1,4,25.0,1,1,100,4,6,10,8,1,0,1,4,46,0,0,0
414,Udoka Azubuike,UTA,23,12,7,5,47.4,20,9,10,90.0,0,0,0.0,2,6,33.3,6,13,19,3,3,2,3,3,59,0,0,7
415,Boban Marjanovic,HOU,34,9,1,8,34.2,19,6,10,60.0,0,1,0.0,7,9,77.8,1,8,9,1,2,1,1,1,35,0,0,24
416,Greg Brown III,POR,21,9,5,4,66.2,19,8,19,42.1,1,5,20.0,2,8,25.0,2,9,11,0,5,4,5,8,54,0,0,-1
417,Matthew Dellavedova,SAC,32,13,7,6,98.1,18,7,23,30.4,3,10,30.0,1,3,33.3,1,4,5,20,6,6,0,12,66,0,0,-32
418,Patrick Baldwin Jr.,GSW,20,7,2,5,36.0,17,6,14,42.9,4,12,33.3,1,2,50.0,0,7,7,1,2,3,0,0,34,0,0,-40
419,Rodney McGruder,DET,31,9,0,9,82.8,17,5,22,22.7,3,16,18.8,4,4,100,6,10,16,7,3,0,0,3,44,0,0,12
420,Ryan Rollins,GSW,20,9,5,4,46.2,17,5,16,31.3,3,8,37.5,4,4,100,2,7,9,3,13,0,1,9,22,0,0,-38
421,Blake Wesley,SAS,19,2,2,0,23.5,16,6,9,66.7,2,3,66.7,2,4,50.0,1,1,2,4,2,0,0,3,22,0,0,-10
422,Svi Mykhailiuk,NYK,25,10,6,4,32.0,16,5,10,50.0,5,8,62.5,1,3,33.3,0,7,7,0,2,1,0,1,25,0,0,13
423,Kenneth Lofton Jr.,MEM,20,5,3,2,22.8,15,7,14,50.0,0,1,0.0,1,3,33.3,1,3,4,4,1,0,0,3,25,0,0,-20
424,Kessler Edwards,BKN,22,13,5,8,74.0,15,6,22,27.3,2,11,18.2,1,2,50.0,6,8,14,2,4,3,1,3,43,0,0,8
425,Robert Williams III,BOS,25,2,0,2,35.1,15,7,9,77.8,0,0,0.0,1,2,50.0,3,7,10,2,1,1,3,4,41,0,0,-10
426,Jason Preston,LAC,23,5,1,4,43.6,14,6,16,37.5,2,8,25.0,0,2,0.0,1,4,5,8,4,0,0,4,28,0,0,-19
427,James Johnson,IND,35,7,4,3,62.1,13,6,16,37.5,1,7,14.3,0,0,0.0,0,8,8,5,2,1,2,16,37,0,0,6
428,Luka Garza,MIN,23,5,3,2,21.9,13,5,8,62.5,0,2,0.0,3,4,75.0,2,5,7,3,1,0,0,3,25,0,0,-3
429,Dalen Terry,CHI,20,11,5,6,36.5,12,4,12,33.3,1,4,25.0,3,4,75.0,0,2,2,7,4,1,2,3,30,0,0,7
430,Tony Bradley,CHI,24,9,3,6,25.2,12,4,7,57.1,2,4,50.0,2,2,100,1,9,10,1,1,1,0,1,28,0,0,7
431,Alex Len,SAC,29,8,6,2,24.7,11,5,9,55.6,0,0,0.0,1,2,50.0,3,6,9,2,0,0,0,3,25,0,0,-13
432,Dru Smith,MIA,24,5,4,1,66.9,11,5,14,35.7,1,6,16.7,0,0,0.0,1,8,9,5,1,4,3,10,49,0,0,-17
433,Mark Williams,CHA,21,3,2,1,12.9,11,4,7,57.1,0,0,0.0,3,3,100,4,4,8,0,2,0,0,3,19,0,0,4
434,Nerlens Noel,DET,28,6,0,6,62.0,11,4,13,30.8,0,0,0.0,3,4,75.0,3,16,19,3,3,5,2,9,56,0,0,-9
435,TyTy Washington Jr.,HOU,21,4,0,4,36.4,11,5,10,50.0,0,4,0.0,1,2,50.0,1,5,6,7,0,1,0,4,32,0,0,16
436,Tyrese Martin,ATL,23,9,5,4,35.5,11,5,14,35.7,1,5,20.0,0,0,0.0,2,3,5,0,0,1,0,1,20,0,0,-3
437,Dominick Barlow,SAS,19,4,0,4,25.6,10,3,7,42.9,0,3,0.0,4,4,100,2,1,3,3,0,1,0,3,21,0,0,-8
438,Facundo Campazzo,DAL,31,8,2,6,52.2,10,3,13,23.1,3,11,27.3,1,2,50.0,0,2,2,9,3,6,0,3,41,0,0,11
439,Jaxson Hayes,NOP,22,10,5,5,73.2,10,3,17,17.6,0,9,0.0,4,7,57.1,3,14,17,5,4,3,1,6,46,0,0,-11
440,Josh Minott,MIN,20,4,1,3,12.9,10,3,4,75.0,0,0,0.0,4,4,100,2,1,3,2,0,1,1,1,23,0,0,24
441,Isaiah Mobley,CLE,23,8,5,3,26.1,9,4,8,50.0,1,2,50.0,0,0,0.0,1,10,11,0,0,1,0,2,25,0,0,25
442,Johnny Davis,WAS,20,8,3,5,45.2,9,3,11,27.3,0,2,0.0,3,3,100,1,4,5,2,1,0,1,12,20,0,0,-38
443,Kendall Brown,IND,19,6,1,5,40.3,9,4,7,57.1,0,1,0.0,1,2,50.0,2,4,6,3,2,4,0,9,31,0,0,4
444,Tyler Dorsey,DAL,26,2,1,1,6.8,9,4,5,80.0,1,2,50.0,0,0,0.0,1,1,2,0,0,0,0,0,11,0,0,6
445,Alize Johnson,SAS,26,4,1,3,29.5,7,3,6,50.0,0,2,0.0,1,2,50.0,2,8,10,1,4,1,0,3,20,0,0,12
446,Thanasis Antetokounmpo,MIL,30,15,11,4,66.3,7,3,6,50.0,0,1,0.0,1,2,50.0,4,10,14,3,5,0,3,4,32,0,0,-19
447,Vince Williams Jr.,MEM,22,6,3,3,39.6,7,3,11,27.3,1,8,12.5,0,0,0.0,1,4,5,2,0,4,1,5,31,0,0,-11
448,Justin Champagnie,TOR,21,3,2,1,10.9,6,3,3,100,0,0,0.0,0,0,0.0,1,3,4,1,0,0,0,1,12,0,0,-2
449,Justin Jackson,BOS,27,12,9,3,61.6,6,2,13,15.4,2,11,18.2,0,0,0.0,0,7,7,4,1,2,2,3,31,0,0,-53
450,Peyton Watson,DEN,20,6,3,3,15.1,6,3,9,33.3,0,1,0.0,0,0,0.0,2,1,3,0,0,0,0,1,10,0,0,-19
451,Ron Harper Jr.,TOR,22,2,1,1,7.8,6,2,4,50.0,2,3,66.7,0,0,0.0,0,1,1,0,0,0,0,0,7,0,0,5
452,Saben Lee,PHI,23,2,1,1,10.1,6,3,4,75.0,0,1,0.0,0,0,0.0,0,0,0,2,3,1,0,1,9,0,0,5
453,Theo Pinson,DAL,27,11,5,6,45.2,6,1,10,10.0,0,6,0.0,4,4,100,0,12,12,3,3,1,0,1,25,0,0,-13
454,Jaden Springer,PHI,20,4,4,0,11.5,5,2,5,40.0,0,0,0.0,1,2,50.0,1,2,3,0,1,0,2,2,14,0,0,-6
455,Braxton Key,DET,25,3,0,3,9.1,4,1,1,100,0,0,0.0,2,2,100,0,1,1,0,0,0,0,0,5,0,0,-3
456,Kira Lewis Jr.,NOP,21,1,0,1,6.1,4,1,4,25.0,0,1,0.0,2,2,100,0,1,1,0,0,0,0,1,5,0,0,2
457,Leandro Bolmaro,UTA,22,7,4,3,46.4,4,2,10,20.0,0,2,0.0,0,0,0.0,2,1,3,6,3,2,1,4,23,0,0,16
458,Micah Potter,UTA,24,2,1,1,11.8,4,2,2,100,0,0,0.0,0,0,0.0,1,2,3,1,0,0,0,2,9,0,0,8
459,Devon Dotson,WAS,23,5,1,4,49.9,3,1,10,10.0,1,4,25.0,0,0,0.0,6,4,10,7,3,4,0,9,35,0,0,-11
460,Jordan Schakel,WAS,24,2,0,2,6.2,3,1,2,50.0,1,1,100,0,0,0.0,0,0,0,1,0,1,0,1,8,0,0,6
461,Scotty Pippen Jr.,LAL,22,2,0,2,8.3,3,0,2,0.0,0,0,0.0,3,4,75.0,1,1,2,0,1,0,0,2,4,0,0,3
462,Trevor Hudgins,HOU,23,1,0,1,3.8,3,1,1,100,1,1,100,0,0,0.0,0,0,0,0,0,0,0,0,3,0,0,-2
463,Udonis Haslem,MIA,42,5,3,2,36.8,3,1,10,10.0,0,1,0.0,1,2,50.0,3,3,6,0,0,1,1,7,16,0,0,-19
464,A.J. Lawson,MIN,22,1,1,0,1.8,2,1,1,100,0,0,0.0,0,0,0.0,0,1,1,0,0,0,0,1,3,0,0,-5
465,Chima Moneke,SAC,26,2,1,1,7.9,2,1,2,50.0,0,0,0.0,0,2,0.0,2,0,2,1,2,0,0,2,4,0,0,-9
466,Isaiah Todd,WAS,21,4,2,2,12.6,2,1,4,25.0,0,3,0.0,0,0,0.0,0,0,0,0,0,0,0,0,2,0,0,-3
467,JD Davison,BOS,20,3,3,0,8.5,2,1,4,25.0,0,2,0.0,0,0,0.0,0,1,1,1,1,1,0,0,7,0,0,-4
468,Jack White,DEN,25,8,6,2,25.6,2,1,6,16.7,0,2,0.0,0,0,0.0,2,3,5,0,0,1,2,4,17,0,0,-27
469,John Butler Jr.,POR,20,4,0,4,15.4,2,1,3,33.3,0,2,0.0,0,0,0.0,1,1,2,1,0,0,1,0,9,0,0,8
470,McKinley Wright IV,DAL,24,2,1,1,7.5,2,1,4,25.0,0,1,0.0,0,0,0.0,2,1,3,3,0,1,0,0,13,0,0,7
471,Mfiondu Kabengele,BOS,25,1,1,0,8.3,2,1,2,50.0,0,1,0.0,0,0,0.0,3,1,4,0,0,0,0,1,7,0,0,-2
472,Stanley Johnson,SAS,26,2,0,2,6.8,2,1,3,33.3,0,1,0.0,0,0,0.0,0,1,1,2,1,0,0,0,5,0,0,2
473,Alondes Williams,BKN,23,1,1,0,5.3,0,0,0,0.0,0,0,0.0,0,0,0.0,0,1,1,0,2,0,0,1,-1,0,0,-5
474,Buddy Boeheim,DET,23,1,0,1,1.0,0,0,0,0.0,0,0,0.0,0,0,0.0,0,0,0,0,0,0,0,0,0,0,0,2
475,Cody Martin,CHA,27,1,1,0,0.9,0,0,0,0.0,0,0,0.0,0,0,0.0,0,0,0,0,0,0,0,0,0,0,0,-6
476,Cole Swider,LAL,23,1,0,1,1.9,0,0,1,0.0,0,1,0.0,0,0,0.0,0,1,1,1,0,0,0,0,3,0,0,3
477,Dereon Seabron,NOP,22,2,1,1,2.5,0,0,0,0.0,0,0,0.0,0,0,0.0,0,0,0,0,0,0,0,0,0,0,0,-1
478,Julian Champagnie,PHI,21,2,2,0,6.7,0,0,2,0.0,0,1,0.0,0,0,0.0,0,0,0,0,0,1,0,0,3,0,0,-4
479,Keon Ellis,SAC,22,3,1,2,9.1,0,0,1,0.0,0,1,0.0,0,0,0.0,0,2,2,1,0,0,0,2,4,0,0,8
480,Malcolm Hill,CHI,27,3,3,0,1.2,0,0,0,0.0,0,0,0.0,0,0,0.0,0,1,1,0,0,0,0,0,1,0,0,-2
481,Marko Simonovic,CHI,23,1,0,1,1.7,0,0,1,0.0,0,1,0.0,0,0,0.0,0,0,0,0,0,0,0,0,0,0,0,-8
482,Michael Foster Jr.,PHI,19,1,1,0,1.0,0,0,0,0.0,0,0,0.0,0,0,0.0,0,0,0,0,0,0,0,0,0,0,0,-2
483,Neemias Queta,SAC,23,1,0,1,2.4,0,0,0,0.0,0,0,0.0,0,0,0.0,1,0,1,1,0,0,0,3,3,0,0,-6
484,Ryan Arcidiacono,NYK,28,7,4,3,18.4,0,0,4,0.0,0,2,0.0,0,0,0.0,0,4,4,2,1,2,0,2,13,0,0,4
485,Trevelin Queen,IND,25,2,1,1,19.7,0,0,3,0.0,0,3,0.0,0,0,0.0,1,2,3,2,3,1,1,1,10,0,0,-2
486,Trevor Keels,NYK,19,1,1,0,1.0,0,0,1,0.0,0,1,0.0,0,0,0.0,0,1,1,0,0,0,0,0,1,0,0,-2
487,Vernon Carey Jr.,WAS,21,3,2,1,5.1,0,0,2,0.0,0,0,0.0,0,0,0.0,0,1,1,0,1,0,0,2,0,0,0,-13
